{
    "x": [
        0.4297551909182846,
        0.47948687579150684,
        0.5282755856011808,
        0.6000510208730035,
        0.6701728332072996,
        0.7650989896044971,
        0.8791989722938438,
        1.0055576308093186,
        1.1585245856831787,
        1.335339243251123,
        1.543026084421323,
        1.7656775298608771,
        2.007284140708279,
        2.287634726992775,
        2.600716114396086,
        2.882201004017894,
        3.127442852066801,
        3.3212037281680775,
        3.5038812306963436
    ],
    "y": [
        1.8097459630027084,
        1.7927175422011004,
        1.779512877510348,
        1.7666845520977055,
        1.7578871557054525,
        1.750537734001056,
        1.7442524954434735,
        1.7395717290953379,
        1.7357516991159487,
        1.7318593821861106,
        1.7281489004718347,
        1.7245345529493927,
        1.7206370194355016,
        1.7154539705656906,
        1.7085390157902804,
        1.7008833060793431,
        1.6925822303984193,
        1.6847677874870117,
        1.6758295433253274
    ]
}



